[
	{
		"blog_content":"LOREM IPSUM DOLOR SIT AMET, CONSECTETUER ADIPISCING ELIT, SED DIAM NONUMMY NIBH EUISMOD TINCIDUNT UT LAOREETADIPISCING ELIT, SED DIAM NONUMMY NIBH EUISMOD TINCIDUNT UT LAOREET DOLORE MAGNA ALIQUAM ERAT VOLUTPAT.DOLOR IN HENDRERIT IN VULPUTATE VELIT.",
		"blog_title_1":"DESIGN&nbsp;2014",
		"blog_tltle_2":"BRUNO MARS | 13 COMMENTS",
		"blog_img" : "blog-post.jpg",
		"blog_index":"0"

	},
	{
		"blog_content":"LOREM IPSUM DOLOR SIT AMET, CONSECTETUER ADIPISCING ELIT, SED DIAM NONUMMY NIBH EUISMOD TINCIDUNT UT LAOREET DOLORE",
		"blog_title_1":"DESIGN&nbsp;2014",
		"blog_tltle_2":"BRUNO MARS | 13 COMMENTS",
		"blog_img":"blog-post1.jpg",
		"blog_index":"1"
	},
	{
		"blog_content":"LOREM IPSUM DOLOR SIT AMET, CONSECTETUER ADIPISCING ELIT, SED DIAM NONUMMY NIBH EUISMOD TINCIDUNT UT LAOREETADIPISCING ELIT, SED DIAM NONUMMY NIBH EUISMOD TINCIDUNT UT LAOREET DOLORE MAGNA ALIQUAM ERAT VOLUTPAT.DOLOR IN HENDRERIT IN VULPUTATE VELIT.",
		"blog_title_1":"DESIGN&nbsp;2014",
		"blog_tltle_2":"BRUNO MARS | 13 COMMENTS",
		"blog_img":"blog-post3.jpg",
		"blog_index":"2"
	},
	{
		"blog_content":"LOREM IPSUM DOLOR SIT AMET, CONSECTETUER ADIPISCING ELIT, SED DIAM NONUMMY NIBH EUISMOD TINCIDUNT UT LAOREET DOLORE MAGNA ALIQUAM ERAT VOLUTPAT.DOLOR IN HENDRERIT IN VULPUTATE VELIT.",
		"blog_title_1":"DESIGN&nbsp;2014",
		"blog_tltle_2":"BRUNO MARS | 13 COMMENTS",
		"blog_img":"blog-post4.jpg",
		"blog_index":"3"
	},
	{
		"blog_content":"LOREM IPSUM DOLOR SIT AMET, CONSECTETUER ADIPISCING ELIT, SED DIAM NONUMMY NIBH EUISMOD TINCIDUNT UT LAOREET DOLORE.",
		"blog_title_1":"DESIGN&nbsp;2014",
		"blog_tltle_2":"BRUNO MARS | 13 COMMENTS",
		"blog_img":"blog-post5.jpg",
		"blog_index":"4"
	},
	{
		"blog_content":"LOREM IPSUM DOLOR SIT AMET, CONSECTETUER ADIPISCING ELIT, SED DIAM NONUMMY NIBH EUISMOD TINCIDUNT UT LAOREET DOLORE MAGNA ALIQUAM ERAT VOLUTPAT.DOLOR IN HENDRERIT IN VULPUTATE VELIT.",
		"blog_title_1":"DESIGN&nbsp;2014",
		"blog_tltle_2":"BRUNO MARS | 13 COMMENTS",
		"blog_img":"blog-post.jpg",
		"blog_index":"5"

	}
]